ticker,shortName,sector,industry,rank,score_FINAL_adj,rating,data_completeness,score_valuation,score_profitability,score_growth,score_financial,score_momentum,score_fundamental_momentum,score_income,revenue_trend,ebitda_trend,margin_trend,debt_trend,fcf_trend,earnings_consistency,revenue_r2,ebitda_r2,revenue_cagr,ebitda_cagr,revenue_qoq,ebitda_qoq,revenue_accel,margin_accel,lastPrice,priceVs50dMA,priceVs200dMA,priceVs52wHigh,priceVs52wLow,position52w,beta,marketCap,dividendYield,liquidity_flag,trailingPE,forwardPE,priceToBook,enterpriseToEbitda,returnOnEquity,profitMargins,operatingMargins,revenueGrowth,earningsGrowth,debtToEquity,currentRatio,freeCashflow
MUX.TO,MCEWEN INC,Basic Materials,Other Precious Metals & Mining,9,3.088165517241379,Débil,55.2,6.25,7.6,3.25,2.0,2.8000000000000003,0.0,5.5,,,,,,,,,,,,,,,25.579999923706055,-0.037564340829167486,-0.12832500992625673,-0.3616171718565996,0.21404840644072398,0.23736841703716074,1.264,1528151424,4.800000000000001,False,14.370787,4.550608,1.5530745,56.284,0.13542,0.32462,-0.05921,0.268,1.56,18.17,2.037,-18615500.0
VLTA.CN,Volta Metals,Basic Materials,Other Industrial Metals & Mining,6,3.3091320689655164,Débil,55.2,3.625,5.3,6.0,5.75,9.5,0.0,5.5,,,,,,,,,,,,,,,0.3149999976158142,0.13554433170805424,0.44644701005998955,-0.21250000596046448,1.3333333156726979,0.6792452740219403,0.412,45392980,4.800000000000001,True,92.0,6.011929500000001,11.25,-10.032,-1.08563,0.0,0.0,0.695,1.56,6.847,5.529,-2688918.0
SICO.V,SILVERCO MINING LTD,Basic Materials,Other Industrial Metals & Mining,11,2.975648275862069,Evitar,55.2,4.625,3.4,6.0,3.25,5.1,0.0,5.5,,,,,,,,,,,,,,,9.079999923706055,0.0448551153835417,-0.058435590335893295,-0.45530894278907896,1.7515151283957744,0.4323111386466757,,504955584,4.800000000000001,False,92.0,7.473251,2.2124755,-23.462,-0.24127,-2.60027,-0.25386,0.695,1.56,6.847,0.989,21999410.0
ENB.TO,ENBRIDGE INC,Energy,Oil & Gas Midstream,7,3.1872672413793097,Débil,55.2,1.875,7.0,6.25,2.5,4.375,0.0,10.0,,,,,,,,,,,,,,,66.41000366210938,-0.06701839745057114,-0.08104535185390038,-0.17656536066820372,0.06392187859835596,0.21887019539821023,0.769,148017512448,5.86,False,25.640928,20.388678,2.4779854,15.246,0.092209995,0.07339,0.101610005,0.971,-0.36,162.975,0.721,-1060249984.0
MLM.CN,MCFARLANE LA...,Basic Materials,Gold,8,3.1266810344827585,Débil,55.2,6.0,4.5,6.0,2.75,8.5,0.0,5.5,,,,,,,,,,,,,,,0.5049999952316284,0.021027082959216514,1.059228279653921,-0.25735294818878174,6.769230695871206,0.715447146718095,-1.022,278915744,4.800000000000001,True,92.0,6.011929500000001,-19.423077,-19.286,-1.78322,0.0,0.0,0.695,1.56,6.847,0.383,-21261440.0
CNQ.TO,CDN NATURAL RES,Energy,Oil & Gas E&P,1,4.5439655172413795,Débil,55.2,3.75,10.0,6.875,5.625,10.0,0.0,2.5,,,,,,,,,,,,,,,67.9800033569336,0.0051931034845154045,0.12209423506261374,-0.06040078290347484,0.6313895694008542,0.857562039013481,0.878,140140773376,3.74,False,12.0960865,12.448749,3.005438,8.128,0.26685,0.26309,0.43091,0.695,0.838,43.13,1.001,7420125184.0
IVN.TO,IVANHOE MINES LTD,Basic Materials,Other Industrial Metals & Mining,13,2.8458206896551723,Evitar,55.2,2.625,9.3,1.5,2.0,4.5,0.0,5.5,,,,,,,,,,,,,,,11.960000038146973,0.022781695811980196,-0.0700025242007759,-0.4119960649878578,0.26560846964518237,0.2304866885350756,1.86,17059422208,4.800000000000001,False,92.0,20.12979,2.05578,191.375,0.02118,0.23465,0.063,0.577,-0.0,22.384,2.157,-309908512.0
AMX.V,AMEX GOLD MINING INC,Basic Materials,Gold,2,4.3916344827586205,Débil,55.2,6.625,6.5,8.25,7.25,5.6000000000000005,0.0,5.5,,,,,,,,,,,,,,,4.170000076293945,-0.025655386631631028,-0.047412347935730015,-0.2191011093082499,0.7160494141127345,0.5979381705477476,2.779,670445632,4.800000000000001,False,92.0,-139.0,3.013006,-54.773,-0.04871,0.0,0.0,0.695,2.314,6.847,14.359,-21340676.0
ATHA.CN,AthenaGold,Basic Materials,Other Precious Metals & Mining,15,2.745593793103448,Evitar,55.2,5.125,5.7,6.0,6.75,1.0,0.0,5.5,,,,,,,,,,,,,,,0.29499998688697815,-0.11251508156745438,-0.39137613598725374,-0.6689113502951984,0.40476184231894363,0.1248164271468108,-1.442,10580685,4.800000000000001,True,92.0,6.011929500000001,0.9800664,-10.032,-0.50990003,0.0,0.0,0.695,1.56,6.847,8.121,-2244620.0
GRAY.CN,GraycliffExpl,Basic Materials,Gold,12,2.860361379310345,Evitar,55.2,4.0,4.5,6.0,6.25,5.2,0.0,5.5,,,,,,,,,,,,,,,0.28999999165534973,-0.006849343646062489,0.22985577461980378,-0.43137256538166724,3.833333194255829,0.5111110925674438,0.622,4790453,4.800000000000001,True,92.0,6.011929500000001,22.307692,-19.286,-1.78322,0.0,0.0,0.695,1.56,6.847,6.514,-976073.0
NXE.TO,NEXGEN ENERGY LTD,Energy,Uranium,5,3.6373362068965513,Débil,55.2,4.375,4.0,6.875,8.75,4.375,0.0,6.25,,,,,,,,,,,,,,,13.029999732971191,-0.06263040926498209,-0.1361908379896256,-0.3109466032273299,0.2577219819470262,0.3122806705229464,1.668,8736694272,4.800000000000001,False,25.640928,-59.77064,4.7364597,-75.929,-0.17667,0.0,0.0,0.695,0.838,33.569,1.462,-298314368.0
CEQ.V,CRITERIUM ENERGY LTD,Energy,Oil & Gas E&P,16,2.696302586206896,Evitar,55.2,5.0,4.0,5.0,3.125,6.25,0.0,6.25,,,,,,,,,,,,,,,,-0.06263040926498209,-0.08104535185390038,-0.17656536066820372,,0.3122806705229464,1.762,21037686,4.800000000000001,True,25.640928,1.5113573,-1.0714287,-50.476,0.092209995,-0.6257,-0.03407,0.163,0.838,43.13,0.067,3589125.0
PALS.V,PARAGON ADVANCED LABS INC,Technology,Scientific & Technical Instruments,3,3.972724137931034,Débil,55.2,0.0,10.0,10.0,5.0,10.0,0.0,10.0,,,,,,,,,,,,,,,2.8499999046325684,-0.028000441788285424,-0.06209895526620979,-0.36666668785942924,0.7812499403953552,0.4310344498732994,,97164064,4.800000000000001,True,25.640928,10.749224,-34.33735,-16.59,-0.20897,-2.40558,-0.67253,4.162,0.838,20.277,0.611,
MDMA.CN,PharmalaBio,Healthcare,Biotechnology,3,3.972724137931034,Débil,55.2,0.0,10.0,10.0,5.0,10.0,0.0,10.0,,,,,,,,,,,,,,,0.23000000417232513,0.07829350291760506,0.5756122909561578,-0.30303029038689355,1.7058824020273544,0.591836751723776,0.843,25124288,4.800000000000001,True,25.640928,7.473251,12.777779,-16.816,-0.68658996,-1.26873,-0.91975,2.797,0.838,20.277,1.169,-398144.0
YARR.V,PIRATE GOLD CORP,Basic Materials,Gold,10,3.0354555172413793,Débil,55.2,3.5,4.5,6.0,7.5,6.4,0.0,5.5,,,,,,,,,,,,-0.4998302404074887,,,,-0.006849343646062489,0.22985577461980378,-0.25735294818878174,,0.5979381705477476,,99081728,4.800000000000001,True,92.0,6.011929500000001,4.2391305,-3.778,-1.78322,0.0,0.0,0.695,1.56,1.122,4.907,-7660588.0
IVS.V,INVENTUS MINING CORP,Basic Materials,Gold,14,2.750007931034483,Evitar,55.2,2.625,3.6999999999999997,6.0,6.5,6.4,0.0,5.5,,,,,,,,,,,,,,,,-0.006849343646062489,0.22985577461980378,-0.25735294818878174,,0.5979381705477476,1.193,59681016,4.800000000000001,True,inf,6.011929500000001,33.75,-19.286,-2.0192,0.0,0.0,0.695,1.56,5.498,2.652,-1321933.0
